fold,method,K,history_alpha,history_mse,history_phase,grid_optimized_alpha,alpha_diff,alpha_diff_abs
1,acos,10,0.05,1.049398163641189,fine,0.05,0.0,0.0
1,acos,20,0.05,1.0032596505526656,fine,0.05,0.0,0.0
1,acos,30,0.1,0.9982755708800896,fine,0.2,-0.1,0.1
1,acos,40,0.15,0.9957052423152978,fine,0.25,-0.1,0.1
1,acos,50,0.15,0.9973420287278248,fine,0.25,-0.1,0.1
1,acos,60,0.2,0.998374546294746,fine,0.3,-0.09999999999999998,0.09999999999999998
1,acos,70,0.2,0.9998297803599456,fine,0.3,-0.09999999999999998,0.09999999999999998
1,acos,80,0.25,1.000861867660216,fine,0.35,-0.09999999999999998,0.09999999999999998
1,acos,90,0.25,1.001844294058053,fine,0.35,-0.09999999999999998,0.09999999999999998
1,acos,100,0.25,1.0030766517676943,fine,0.35,-0.09999999999999998,0.09999999999999998
1,ami,10,0.1,1.0094365037666624,fine,0.3,-0.19999999999999998,0.19999999999999998
1,ami,20,0.25,0.9787103645740692,fine,0.4,-0.15000000000000002,0.15000000000000002
1,ami,30,0.4,0.9769330302474232,fine,0.55,-0.15000000000000002,0.15000000000000002
1,ami,40,0.5,0.9792304482880432,coarse,0.65,-0.15000000000000002,0.15000000000000002
1,ami,50,0.55,0.9809431434157458,fine,0.7000000000000001,-0.15000000000000002,0.15000000000000002
1,ami,60,0.6000000000000001,0.9833968583360332,fine,0.75,-0.1499999999999999,0.1499999999999999
1,ami,70,0.6500000000000001,0.984915387496216,fine,0.8000000000000003,-0.15000000000000013,0.15000000000000013
1,ami,80,0.6500000000000001,0.9862948775997782,fine,0.8000000000000003,-0.15000000000000013,0.15000000000000013
1,ami,90,0.7000000000000002,0.9868457090182154,fine,0.8000000000000003,-0.10000000000000009,0.10000000000000009
1,ami,100,0.7000000000000002,0.9875930164837252,fine,0.8000000000000003,-0.10000000000000009,0.10000000000000009
1,ari,10,0.1,1.0103353099800931,fine,0.25,-0.15,0.15
1,ari,20,0.2,0.9795660004256606,fine,0.35,-0.14999999999999997,0.14999999999999997
1,ari,30,0.35,0.978237169993168,fine,0.45,-0.10000000000000003,0.10000000000000003
1,ari,40,0.4,0.9784057823640692,fine,0.55,-0.15000000000000002,0.15000000000000002
1,ari,50,0.45,0.9809699566098156,fine,0.6000000000000001,-0.15000000000000008,0.15000000000000008
1,ari,60,0.5,0.9832318066868928,coarse,0.65,-0.15000000000000002,0.15000000000000002
1,ari,70,0.55,0.9848854113613698,fine,0.65,-0.09999999999999998,0.09999999999999998
1,ari,80,0.55,0.9858449961442968,fine,0.7000000000000001,-0.15000000000000002,0.15000000000000002
1,ari,90,0.6000000000000001,0.9867085779215212,fine,0.7000000000000001,-0.09999999999999998,0.09999999999999998
1,ari,100,0.6000000000000001,0.9874459906384664,fine,0.7000000000000001,-0.09999999999999998,0.09999999999999998
1,chebyshev,10,6.5,0.6444085672993621,coarse,4.5,2.0,2.0
1,chebyshev,20,8.5,0.6460137192571389,coarse,6.0,2.5,2.5
1,chebyshev,30,9.5,0.6504138994032294,coarse,7.0,2.5,2.5
1,chebyshev,40,10.0,0.6535082934950825,coarse,7.5,2.5,2.5
1,chebyshev,50,10.0,0.6564366377694535,coarse,7.5,2.5,2.5
1,chebyshev,60,10.0,0.6586337479592124,coarse,8.0,2.0,2.0
1,chebyshev,70,10.0,0.66044387526076,coarse,8.0,2.0,2.0
1,chebyshev,80,10.0,0.6618608371628641,coarse,8.0,2.0,2.0
1,chebyshev,90,10.0,0.6629428229065634,coarse,8.5,1.5,1.5
1,chebyshev,100,10.0,0.6638487572369264,coarse,8.5,1.5,1.5
1,cosine,10,1.5,1.041500271492554,coarse,1.0,0.5,0.5
1,cosine,20,2.0,1.018536306716431,coarse,1.0,1.0,1.0
1,cosine,30,2.5,1.0131880439848553,coarse,1.0000000000000004,1.4999999999999996,1.4999999999999996
1,cosine,40,2.5,1.0137390907921475,coarse,1.0,1.5,1.5
1,cosine,50,3.0,1.0147124000667336,coarse,1.0,2.0,2.0
1,cosine,60,3.0,1.015335894729388,coarse,1.0,2.0,2.0
1,cosine,70,3.0,1.0162708242386225,coarse,1.0,2.0,2.0
1,cosine,80,3.5,1.0170713487568357,coarse,1.0,2.5,2.5
1,cosine,90,3.5,1.017712575338262,coarse,1.0,2.5,2.5
1,cosine,100,3.5,1.0182776498226114,coarse,1.0000000000000004,2.4999999999999996,2.4999999999999996
1,cpcc,10,6.5,0.6494951968674534,coarse,2.249999999999999,4.250000000000001,4.250000000000001
1,cpcc,20,9.0,0.657007566353021,coarse,4.0,5.0,5.0
1,cpcc,30,9.5,0.6620213074412276,coarse,5.0,4.5,4.5
1,cpcc,40,9.5,0.664854793318693,coarse,5.0,4.5,4.5
1,cpcc,50,10.0,0.6665923198612899,coarse,5.5,4.5,4.5
1,cpcc,60,10.0,0.6677570965620441,coarse,6.0,4.0,4.0
1,cpcc,70,10.0,0.6685407305839188,coarse,6.0,4.0,4.0
1,cpcc,80,10.0,0.6690968454261105,coarse,6.0,4.0,4.0
1,cpcc,90,10.0,0.6694583425163647,coarse,6.5,3.5,3.5
1,cpcc,100,10.0,0.669700863124046,coarse,6.5,3.5,3.5
1,euclidean,10,3.5,0.7176392848132452,coarse,2.6999999999999975,0.8000000000000025,0.8000000000000025
1,euclidean,20,4.0,0.7237841041017193,coarse,3.5,0.5,0.5
1,euclidean,30,4.5,0.7304416347427307,coarse,4.0,0.5,0.5
1,euclidean,40,5.0,0.7351809855982857,coarse,4.0,1.0,1.0
1,euclidean,50,5.0,0.7383664089369399,coarse,4.5,0.5,0.5
1,euclidean,60,5.0,0.7408943265905947,coarse,4.5,0.5,0.5
1,euclidean,70,5.5,0.7425768804039027,coarse,4.5,1.0,1.0
1,euclidean,80,5.5,0.7437193576259405,coarse,4.5,1.0,1.0
1,euclidean,90,5.5,0.7446101751951146,coarse,4.5,1.0,1.0
1,euclidean,100,5.5,0.7453273557413295,coarse,5.0,0.5,0.5
1,ipwr,10,1.0,0.9708879870674944,coarse,1.0,0.0,0.0
1,ipwr,20,1.3500000000000008,0.9428037038908575,fine,1.0000000000000004,0.3500000000000003,0.3500000000000003
1,ipwr,30,1.5,0.9387530014793508,coarse,1.0,0.5,0.5
1,ipwr,40,1.5,0.9381106154871542,coarse,1.0,0.5,0.5
1,ipwr,50,2.0,0.93813641410112,coarse,1.0,1.0,1.0
1,ipwr,60,2.0,0.9380889521361376,coarse,1.0500000000000005,0.9499999999999995,0.9499999999999995
1,ipwr,70,2.0,0.9383359193506262,coarse,1.1500000000000006,0.8499999999999994,0.8499999999999994
1,ipwr,80,2.0,0.9387850312017342,coarse,1.2000000000000006,0.7999999999999994,0.7999999999999994
1,ipwr,90,2.0,0.9390210078725124,coarse,1.2500000000000009,0.7499999999999991,0.7499999999999991
1,ipwr,100,2.0,0.9393039396175524,coarse,1.2500000000000002,0.7499999999999998,0.7499999999999998
1,itr,10,0.5,0.989635830882052,coarse,1.0,-0.5,0.5
1,itr,20,1.5,0.9412539689443684,coarse,1.0,0.5,0.5
1,itr,30,3.0,0.9306245717769038,coarse,1.0,2.0,2.0
1,itr,40,4.5,0.9316448465136014,coarse,1.0,3.5,3.5
1,itr,50,5.0,0.9343845476903736,coarse,1.0,4.0,4.0
1,itr,60,6.0,0.9385096384846467,coarse,1.0,5.0,5.0
1,itr,70,6.5,0.9434323773033112,coarse,1.0,5.5,5.5
1,itr,80,7.0,0.9475478374783364,coarse,1.0000000000000004,6.0,6.0
1,itr,90,7.5,0.9514800035935332,coarse,1.0000000000000004,6.5,6.5
1,itr,100,7.5,0.9548458170921929,coarse,1.0,6.5,6.5
1,jaccard,10,0.9500000000000004,1.0707492200292463,fine,1.0,-0.0499999999999996,0.0499999999999996
1,jaccard,20,1.2500000000000009,1.0444313327562624,fine,1.0,0.2500000000000009,0.2500000000000009
1,jaccard,30,1.5000000000000009,1.038055489419518,fine,1.0,0.5000000000000009,0.5000000000000009
1,jaccard,40,1.5,1.035925387148696,coarse,1.0,0.5,0.5
1,jaccard,50,2.0,1.0368575687766868,coarse,1.0,1.0,1.0
1,jaccard,60,2.0,1.0368665097577845,coarse,1.0000000000000004,0.9999999999999996,0.9999999999999996
1,jaccard,70,2.0,1.0371678772335788,coarse,1.0,1.0,1.0
1,jaccard,80,2.0,1.0377188718517736,coarse,1.0,1.0,1.0
1,jaccard,90,2.0,1.037953284409194,coarse,1.0,1.0,1.0
1,jaccard,100,2.0,1.0383717725708783,coarse,1.0,1.0,1.0
1,jmsd,10,1.5000000000000009,1.0156562341829842,fine,1.0,0.5000000000000009,0.5000000000000009
1,jmsd,20,2.5,0.9990016179259332,coarse,1.0,1.5,1.5
1,jmsd,30,2.5,0.997675822307322,coarse,1.0000000000000004,1.4999999999999996,1.4999999999999996
1,jmsd,40,3.0,0.9995303412069374,coarse,1.0,2.0,2.0
1,jmsd,50,3.0,1.0016089959273478,coarse,1.0,2.0,2.0
1,jmsd,60,3.0,1.0027661652747994,coarse,1.0500000000000005,1.9499999999999995,1.9499999999999995
1,jmsd,70,3.0,1.0040276181372514,coarse,1.1500000000000006,1.8499999999999994,1.8499999999999994
1,jmsd,80,3.5,1.0049116805125633,coarse,1.2500000000000002,2.25,2.25
1,jmsd,90,3.5,1.0056263366365277,coarse,1.3500000000000003,2.1499999999999995,2.1499999999999995
1,jmsd,100,3.5,1.0063630724827215,coarse,1.4000000000000004,2.0999999999999996,2.0999999999999996
1,kendall_tau_b,10,2.0,0.7324837002876828,coarse,1.0500000000000005,0.9499999999999995,0.9499999999999995
1,kendall_tau_b,20,2.5,0.733324661985618,coarse,1.8500000000000003,0.6499999999999997,0.6499999999999997
1,kendall_tau_b,30,3.0,0.7380923777836137,coarse,2.299999999999999,0.7000000000000011,0.7000000000000011
1,kendall_tau_b,40,2.9999999999999964,0.7425210960744955,fine,2.599999999999998,0.3999999999999986,0.3999999999999986
1,kendall_tau_b,50,3.5,0.7451036917186341,coarse,2.749999999999999,0.7500000000000009,0.7500000000000009
1,kendall_tau_b,60,3.5,0.7468797578807422,coarse,2.8499999999999988,0.6500000000000012,0.6500000000000012
1,kendall_tau_b,70,3.5,0.7481420861988937,coarse,2.9499999999999984,0.5500000000000016,0.5500000000000016
1,kendall_tau_b,80,3.5,0.7490617098404136,coarse,3.0,0.5,0.5
1,kendall_tau_b,90,3.5,0.7497133044689543,coarse,3.0,0.5,0.5
1,kendall_tau_b,100,3.5,0.7501794709846162,coarse,3.0,0.5,0.5
1,manhattan,10,1.4500000000000004,0.8310342941060803,fine,1.2500000000000002,0.20000000000000018,0.20000000000000018
1,manhattan,20,1.8000000000000007,0.8369686712266927,fine,1.6500000000000006,0.15000000000000013,0.15000000000000013
1,manhattan,30,2.0,0.8435765549882178,coarse,1.8000000000000005,0.1999999999999995,0.1999999999999995
1,manhattan,40,2.1000000000000005,0.8494168011013047,fine,1.9500000000000004,0.15000000000000013,0.15000000000000013
1,manhattan,50,2.2000000000000006,0.8537354557019654,fine,2.0500000000000007,0.1499999999999999,0.1499999999999999
1,manhattan,60,2.250000000000001,0.8569569782410389,fine,2.1000000000000005,0.15000000000000036,0.15000000000000036
1,manhattan,70,2.3000000000000007,0.8594362463527591,fine,2.1500000000000004,0.15000000000000036,0.15000000000000036
1,manhattan,80,2.3000000000000007,0.8613472715118717,fine,2.2000000000000006,0.10000000000000009,0.10000000000000009
1,manhattan,90,2.3500000000000005,0.8628596138518387,fine,2.2000000000000006,0.1499999999999999,0.1499999999999999
1,manhattan,100,2.400000000000001,0.8641017112303293,fine,2.250000000000001,0.1499999999999999,0.1499999999999999
1,msd,10,10.0,0.6195091758516852,coarse,1.0,9.0,9.0
1,msd,20,10.0,0.6795215316249067,coarse,1.0,9.0,9.0
1,msd,30,10.0,0.7260178488423217,coarse,1.0,9.0,9.0
1,msd,40,10.0,0.7583949113671854,coarse,1.0,9.0,9.0
1,msd,50,10.0,0.784183754261031,coarse,1.0,9.0,9.0
1,msd,60,10.0,0.8060071676737539,coarse,1.0,9.0,9.0
1,msd,70,10.0,0.8233941613654349,coarse,1.0000000000000004,9.0,9.0
1,msd,80,10.0,0.8381892142851477,coarse,1.0,9.0,9.0
1,msd,90,10.0,0.8511081632204388,coarse,1.7000000000000006,8.299999999999999,8.299999999999999
1,msd,100,10.0,0.8614590535164449,coarse,2.5,7.5,7.5
1,pcc,10,2.5,0.6790827387696637,coarse,1.4500000000000004,1.0499999999999996,1.0499999999999996
1,pcc,20,3.5,0.6825225429009792,coarse,2.5,1.0,1.0
1,pcc,30,4.0,0.6871155609881882,coarse,2.9999999999999982,1.0000000000000018,1.0000000000000018
1,pcc,40,4.5,0.6904743653669078,coarse,3.5,1.0,1.0
1,pcc,50,4.5,0.6924656589056678,coarse,3.5,1.0,1.0
1,pcc,60,4.5,0.693734392623576,coarse,3.5,1.0,1.0
1,pcc,70,4.5,0.6945961474208694,coarse,3.5,1.0,1.0
1,pcc,80,4.5,0.6951840050840743,coarse,4.0,0.5,0.5
1,pcc,90,4.5,0.6955998022602178,coarse,4.0,0.5,0.5
1,pcc,100,4.5,0.6958958477798778,coarse,4.0,0.5,0.5
1,spcc,10,3.0,0.6789670099574386,coarse,1.4500000000000004,1.5499999999999996,1.5499999999999996
1,spcc,20,3.5,0.683342883871582,coarse,2.549999999999998,0.950000000000002,0.950000000000002
1,spcc,30,4.5,0.6879857128103601,coarse,3.0,1.5,1.5
1,spcc,40,4.5,0.6907789376851465,coarse,3.5,1.0,1.0
1,spcc,50,4.5,0.6930504725900534,coarse,3.5,1.0,1.0
1,spcc,60,5.0,0.694342904053782,coarse,3.5,1.5,1.5
1,spcc,70,5.0,0.6950272934630292,coarse,4.0,1.0,1.0
1,spcc,80,5.0,0.6954949084808097,coarse,4.0,1.0,1.0
1,spcc,90,5.0,0.6958215113841993,coarse,4.0,1.0,1.0
1,spcc,100,5.0,0.6960454225902062,coarse,4.0,1.0,1.0
1,src,10,2.0,0.733734995183494,coarse,1.0500000000000005,0.9499999999999995,0.9499999999999995
1,src,20,3.0,0.7337925884651725,coarse,1.8500000000000003,1.1499999999999997,1.1499999999999997
1,src,30,2.9999999999999964,0.7390194733709405,fine,2.3499999999999988,0.6499999999999977,0.6499999999999977
1,src,40,3.5,0.7429632870150257,coarse,2.6499999999999977,0.8500000000000023,0.8500000000000023
1,src,50,3.5,0.7457474894326579,coarse,2.8499999999999988,0.6500000000000012,0.6500000000000012
1,src,60,3.5,0.7477973785001213,coarse,3.0,0.5,0.5
1,src,70,3.5,0.7492366371216674,coarse,2.9999999999999982,0.5000000000000018,0.5000000000000018
1,src,80,4.0,0.7499959182558777,coarse,3.0,1.0,1.0
1,src,90,4.0,0.7504970332149767,coarse,3.0,1.0,1.0
1,src,100,4.0,0.7508382961258364,coarse,3.0,1.0,1.0
2,acos,10,0.05,1.046119050046405,fine,0.05,0.0,0.0
2,acos,20,0.05,1.003841718946024,fine,0.15,-0.09999999999999999,0.09999999999999999
2,acos,30,0.15,0.9949892204235204,fine,0.25,-0.1,0.1
2,acos,40,0.2,0.9939938801237868,fine,0.35,-0.14999999999999997,0.14999999999999997
2,acos,50,0.25,0.994847412508882,fine,0.35,-0.09999999999999998,0.09999999999999998
2,acos,60,0.3,0.996292612741128,fine,0.4,-0.10000000000000003,0.10000000000000003
2,acos,70,0.3,0.996733237848523,fine,0.4,-0.10000000000000003,0.10000000000000003
2,acos,80,0.35,0.998418322995406,fine,0.45,-0.10000000000000003,0.10000000000000003
2,acos,90,0.35,0.9995887083009244,fine,0.45,-0.10000000000000003,0.10000000000000003
2,acos,100,0.35,1.0009038630850409,fine,0.45,-0.10000000000000003,0.10000000000000003
2,ami,10,0.1,1.003569862691324,fine,0.3,-0.19999999999999998,0.19999999999999998
2,ami,20,0.25,0.9722291886130944,fine,0.45,-0.2,0.2
2,ami,30,0.4,0.9715935732318564,fine,0.6000000000000001,-0.20000000000000007,0.20000000000000007
2,ami,40,0.5,0.9726512381242156,coarse,0.65,-0.15000000000000002,0.15000000000000002
2,ami,50,0.55,0.97477545789758,fine,0.7000000000000001,-0.15000000000000002,0.15000000000000002
2,ami,60,0.6000000000000001,0.9764779278169748,fine,0.7500000000000002,-0.15000000000000013,0.15000000000000013
2,ami,70,0.6500000000000001,0.978212979501358,fine,0.8000000000000003,-0.15000000000000013,0.15000000000000013
2,ami,80,0.7000000000000002,0.9792321730393342,fine,0.8000000000000003,-0.10000000000000009,0.10000000000000009
2,ami,90,0.7000000000000002,0.9803336760886524,fine,0.8500000000000003,-0.15000000000000013,0.15000000000000013
2,ami,100,0.7000000000000002,0.9810893331612162,fine,0.8500000000000003,-0.15000000000000013,0.15000000000000013
2,ari,10,0.15,1.003115947002,fine,0.3,-0.15,0.15
2,ari,20,0.3,0.9740792237698432,fine,0.45,-0.15000000000000002,0.15000000000000002
2,ari,30,0.35,0.9705592864767008,fine,0.5,-0.15000000000000002,0.15000000000000002
2,ari,40,0.45,0.9722735611673234,fine,0.6000000000000001,-0.15000000000000008,0.15000000000000008
2,ari,50,0.5,0.974409353888376,coarse,0.65,-0.15000000000000002,0.15000000000000002
2,ari,60,0.55,0.9759347018762284,fine,0.65,-0.09999999999999998,0.09999999999999998
2,ari,70,0.6000000000000001,0.9772345790945084,fine,0.7000000000000001,-0.09999999999999998,0.09999999999999998
2,ari,80,0.6000000000000001,0.9783149780274616,fine,0.7000000000000001,-0.09999999999999998,0.09999999999999998
2,ari,90,0.65,0.9795234888743534,fine,0.75,-0.09999999999999998,0.09999999999999998
2,ari,100,0.65,0.980165046136146,fine,0.75,-0.09999999999999998,0.09999999999999998
2,chebyshev,10,6.5,0.6420569952331275,coarse,4.5,2.0,2.0
2,chebyshev,20,8.5,0.6427185964303953,coarse,6.0,2.5,2.5
2,chebyshev,30,9.5,0.6470306931149483,coarse,7.0,2.5,2.5
2,chebyshev,40,10.0,0.6498299236558845,coarse,7.5,2.5,2.5
2,chebyshev,50,10.0,0.6524314963955022,coarse,7.5,2.5,2.5
2,chebyshev,60,10.0,0.6544665976015416,coarse,8.0,2.0,2.0
2,chebyshev,70,10.0,0.6560567387892079,coarse,8.0,2.0,2.0
2,chebyshev,80,10.0,0.6573591054299565,coarse,8.0,2.0,2.0
2,chebyshev,90,10.0,0.6584856521393596,coarse,8.5,1.5,1.5
2,chebyshev,100,10.0,0.6593290205396356,coarse,8.5,1.5,1.5
2,cosine,10,1.5000000000000009,1.0402326360359366,fine,1.0000000000000004,0.5000000000000004,0.5000000000000004
2,cosine,20,2.0,1.0148562332802924,coarse,1.0,1.0,1.0
2,cosine,30,2.5,1.0103364731138476,coarse,1.0,1.5,1.5
2,cosine,40,3.0,1.011536841303512,coarse,1.0000000000000004,1.9999999999999996,1.9999999999999996
2,cosine,50,3.0,1.0124322021883925,coarse,1.0,2.0,2.0
2,cosine,60,3.5,1.0135321989301862,coarse,1.0,2.5,2.5
2,cosine,70,3.5,1.014421643698853,coarse,1.0,2.5,2.5
2,cosine,80,3.5,1.0148105985146176,coarse,1.0,2.5,2.5
2,cosine,90,3.5,1.0152446519800928,coarse,1.0,2.5,2.5
2,cosine,100,3.5,1.0157577534848008,coarse,1.0,2.5,2.5
2,cpcc,10,5.5,0.65824410345517,coarse,1.7500000000000009,3.749999999999999,3.749999999999999
2,cpcc,20,9.0,0.6647479644909899,coarse,3.5,5.5,5.5
2,cpcc,30,9.0,0.6697313005838677,coarse,4.0,5.0,5.0
2,cpcc,40,9.0,0.6726993024290411,coarse,5.5,3.5,3.5
2,cpcc,50,10.0,0.6745893824976251,coarse,5.5,4.5,4.5
2,cpcc,60,10.0,0.6757191386010801,coarse,5.5,4.5,4.5
2,cpcc,70,10.0,0.6765138136820238,coarse,5.5,4.5,4.5
2,cpcc,80,10.0,0.6770992495211908,coarse,5.5,4.5,4.5
2,cpcc,90,10.0,0.6775264974379186,coarse,5.5,4.5,4.5
2,cpcc,100,10.0,0.6778384036860653,coarse,6.0,4.0,4.0
2,euclidean,10,3.5,0.7160439230556,coarse,2.7499999999999973,0.7500000000000027,0.7500000000000027
2,euclidean,20,4.0,0.722070918863972,coarse,3.5,0.5,0.5
2,euclidean,30,4.5,0.728165139439201,coarse,4.0,0.5,0.5
2,euclidean,40,5.0,0.7320768469090159,coarse,4.0,1.0,1.0
2,euclidean,50,5.0,0.7352845582268059,coarse,4.5,0.5,0.5
2,euclidean,60,5.0,0.737696919358289,coarse,4.5,0.5,0.5
2,euclidean,70,6.0,0.7388639375097332,coarse,4.5,1.5,1.5
2,euclidean,80,6.0,0.7396033563096087,coarse,4.5,1.5,1.5
2,euclidean,90,6.0,0.7402129822227619,coarse,5.0,1.0,1.0
2,euclidean,100,6.0,0.7407140461174895,coarse,5.0,1.0,1.0
2,ipwr,10,1.1500000000000006,0.9659802120604296,fine,1.0000000000000004,0.15000000000000013,0.15000000000000013
2,ipwr,20,1.3500000000000008,0.9399094072295764,fine,1.0,0.35000000000000075,0.35000000000000075
2,ipwr,30,1.5,0.9341725775023152,coarse,1.0000000000000004,0.49999999999999956,0.49999999999999956
2,ipwr,40,1.5000000000000009,0.9332616049497868,fine,1.0,0.5000000000000009,0.5000000000000009
2,ipwr,50,2.0,0.9329357062475298,coarse,1.0,1.0,1.0
2,ipwr,60,2.0,0.9334205077000706,coarse,1.1000000000000003,0.8999999999999997,0.8999999999999997
2,ipwr,70,2.0,0.9334476388588642,coarse,1.1500000000000006,0.8499999999999994,0.8499999999999994
2,ipwr,80,2.0,0.9335785756335688,coarse,1.2000000000000006,0.7999999999999994,0.7999999999999994
2,ipwr,90,2.0,0.9339934590577388,coarse,1.2500000000000009,0.7499999999999991,0.7499999999999991
2,ipwr,100,2.0,0.9342301068868156,coarse,1.2500000000000002,0.7499999999999998,0.7499999999999998
2,itr,10,0.5,0.9935208117628476,coarse,1.0000000000000004,-0.5000000000000004,0.5000000000000004
2,itr,20,2.0,0.942227997960254,coarse,1.0000000000000004,0.9999999999999996,0.9999999999999996
2,itr,30,3.5,0.9333700480009934,coarse,1.0,2.5,2.5
2,itr,40,4.5,0.9318268253073294,coarse,1.0,3.5,3.5
2,itr,50,5.5,0.9342788921344248,coarse,1.0,4.5,4.5
2,itr,60,6.0,0.9383284228551474,coarse,1.0,5.0,5.0
2,itr,70,6.5,0.942778550188035,coarse,1.0000000000000004,5.5,5.5
2,itr,80,7.0,0.9466067376336113,coarse,1.0,6.0,6.0
2,itr,90,7.5,0.9505760165259574,coarse,1.0,6.5,6.5
2,itr,100,7.5,0.9537324911979294,coarse,1.0,6.5,6.5
2,jaccard,10,1.1000000000000003,1.0726665707627143,fine,1.0,0.10000000000000031,0.10000000000000031
2,jaccard,20,1.1000000000000003,1.041669419519269,fine,1.0000000000000004,0.09999999999999987,0.09999999999999987
2,jaccard,30,1.2000000000000006,1.035714511564385,fine,1.0,0.20000000000000062,0.20000000000000062
2,jaccard,40,1.4000000000000008,1.0358853981087517,fine,1.0,0.4000000000000008,0.4000000000000008
2,jaccard,50,1.5,1.0355631140210786,coarse,1.0,0.5,0.5
2,jaccard,60,1.5,1.03631253237216,coarse,1.0000000000000004,0.49999999999999956,0.49999999999999956
2,jaccard,70,1.5,1.0364519489551418,coarse,1.0,0.5,0.5
2,jaccard,80,2.0,1.036564887113663,coarse,1.0,1.0,1.0
2,jaccard,90,2.0,1.0368005276451666,coarse,1.0000000000000004,0.9999999999999996,0.9999999999999996
2,jaccard,100,2.0,1.0370433483471149,coarse,1.0000000000000004,0.9999999999999996,0.9999999999999996
2,jmsd,10,2.0,1.0164582610678554,coarse,1.0,1.0,1.0
2,jmsd,20,2.0,0.9982670539655876,coarse,1.0,1.0,1.0
2,jmsd,30,2.5,0.9972111984743736,coarse,1.0000000000000004,1.4999999999999996,1.4999999999999996
2,jmsd,40,3.0,0.9986465361941612,coarse,1.0,2.0,2.0
2,jmsd,50,3.0,1.000540385860565,coarse,1.0000000000000004,1.9999999999999996,1.9999999999999996
2,jmsd,60,3.0,1.0017483697529983,coarse,1.0000000000000004,1.9999999999999996,1.9999999999999996
2,jmsd,70,3.5,1.0028230091787096,coarse,1.1000000000000003,2.3999999999999995,2.3999999999999995
2,jmsd,80,3.5,1.0034946328008656,coarse,1.2000000000000006,2.2999999999999994,2.2999999999999994
2,jmsd,90,3.5,1.0041472313203923,coarse,1.3000000000000005,2.1999999999999993,2.1999999999999993
2,jmsd,100,3.5,1.0046824459285373,coarse,1.4000000000000004,2.0999999999999996,2.0999999999999996
2,kendall_tau_b,10,2.0,0.7365373674829566,coarse,1.1500000000000006,0.8499999999999994,0.8499999999999994
2,kendall_tau_b,20,2.500000000000001,0.7336399433497189,fine,1.9000000000000004,0.6000000000000005,0.6000000000000005
2,kendall_tau_b,30,2.9499999999999966,0.7393894650672987,fine,2.3499999999999988,0.5999999999999979,0.5999999999999979
2,kendall_tau_b,40,3.0,0.7439273049316355,coarse,2.599999999999998,0.40000000000000213,0.40000000000000213
2,kendall_tau_b,50,3.5,0.7468343486654239,coarse,2.7499999999999973,0.7500000000000027,0.7500000000000027
2,kendall_tau_b,60,3.5,0.7487007012180628,coarse,2.8499999999999988,0.6500000000000012,0.6500000000000012
2,kendall_tau_b,70,3.5,0.7500115877354571,coarse,2.9499999999999984,0.5500000000000016,0.5500000000000016
2,kendall_tau_b,80,3.5,0.7509269650001286,coarse,3.0,0.5,0.5
2,kendall_tau_b,90,3.5,0.7515950635697819,coarse,3.0,0.5,0.5
2,kendall_tau_b,100,3.5,0.7520577032023411,coarse,2.9999999999999982,0.5000000000000018,0.5000000000000018
2,manhattan,10,1.5000000000000004,0.8326352543726645,fine,1.3000000000000005,0.19999999999999996,0.19999999999999996
2,manhattan,20,1.8500000000000008,0.8352342608889971,fine,1.6500000000000006,0.20000000000000018,0.20000000000000018
2,manhattan,30,2.0,0.8414533839083428,coarse,1.8500000000000003,0.1499999999999997,0.1499999999999997
2,manhattan,40,2.1500000000000004,0.8464078034482009,fine,2.0000000000000004,0.1499999999999999,0.1499999999999999
2,manhattan,50,2.250000000000001,0.8503616759520672,fine,2.1000000000000005,0.15000000000000036,0.15000000000000036
2,manhattan,60,2.3000000000000007,0.8532512463767006,fine,2.1500000000000004,0.15000000000000036,0.15000000000000036
2,manhattan,70,2.3500000000000005,0.8555812530739593,fine,2.2000000000000006,0.1499999999999999,0.1499999999999999
2,manhattan,80,2.400000000000001,0.857276925672266,fine,2.250000000000001,0.1499999999999999,0.1499999999999999
2,manhattan,90,2.3999999999999986,0.8587156115647357,fine,2.249999999999999,0.14999999999999947,0.14999999999999947
2,manhattan,100,2.4499999999999984,0.8597897113582919,fine,2.299999999999999,0.14999999999999947,0.14999999999999947
2,msd,10,10.0,0.6174421281841842,coarse,1.0,9.0,9.0
2,msd,20,10.0,0.6755906244071931,coarse,1.0,9.0,9.0
2,msd,30,10.0,0.7209715706480215,coarse,1.0,9.0,9.0
2,msd,40,10.0,0.7547036586311113,coarse,1.0,9.0,9.0
2,msd,50,10.0,0.7814009276306201,coarse,1.0,9.0,9.0
2,msd,60,10.0,0.8027088906713357,coarse,1.0,9.0,9.0
2,msd,70,10.0,0.8207396270920502,coarse,1.0,9.0,9.0
2,msd,80,10.0,0.8357951897879394,coarse,1.0,9.0,9.0
2,msd,90,10.0,0.8486171218192133,coarse,1.7500000000000002,8.25,8.25
2,msd,100,10.0,0.8596967270683105,coarse,2.599999999999998,7.400000000000002,7.400000000000002
2,pcc,10,2.5,0.6829477207162683,coarse,1.6000000000000003,0.8999999999999997,0.8999999999999997
2,pcc,20,3.5,0.685365390084143,coarse,2.549999999999998,0.950000000000002,0.950000000000002
2,pcc,30,4.0,0.6897317854049825,coarse,3.0,1.0,1.0
2,pcc,40,4.0,0.6932152843694332,coarse,3.5,0.5,0.5
2,pcc,50,4.5,0.6954246176308186,coarse,3.5,1.0,1.0
2,pcc,60,4.5,0.6967304033901465,coarse,3.5,1.0,1.0
2,pcc,70,4.5,0.6976382268795575,coarse,3.5,1.0,1.0
2,pcc,80,4.5,0.6982880873967138,coarse,3.5,1.0,1.0
2,pcc,90,4.5,0.6987251508951077,coarse,4.0,0.5,0.5
2,pcc,100,4.5,0.6989975956842919,coarse,4.0,0.5,0.5
2,spcc,10,3.0,0.684037958053385,coarse,1.5500000000000005,1.4499999999999995,1.4499999999999995
2,spcc,20,3.5,0.6870181671683403,coarse,2.549999999999998,0.950000000000002,0.950000000000002
2,spcc,30,4.0,0.6916443835332527,coarse,3.0,1.0,1.0
2,spcc,40,4.5,0.694953317135171,coarse,3.5,1.0,1.0
2,spcc,50,4.5,0.6969271780435027,coarse,3.5,1.0,1.0
2,spcc,60,4.5,0.6984074945189938,coarse,3.5,1.0,1.0
2,spcc,70,4.5,0.6994350638511814,coarse,4.0,0.5,0.5
2,spcc,80,4.5,0.7001426731723304,coarse,4.0,0.5,0.5
2,spcc,90,4.5,0.7006378672487116,coarse,4.0,0.5,0.5
2,spcc,100,5.0,0.700877220044837,coarse,4.0,1.0,1.0
2,src,10,2.0,0.7367257747520053,coarse,1.1500000000000006,0.8499999999999994,0.8499999999999994
2,src,20,3.0,0.7341531260692318,coarse,1.9500000000000004,1.0499999999999996,1.0499999999999996
2,src,30,2.9999999999999964,0.7397438270214349,fine,2.3999999999999986,0.5999999999999979,0.5999999999999979
2,src,40,3.5,0.7438159407180747,coarse,2.6999999999999975,0.8000000000000025,0.8000000000000025
2,src,50,3.5,0.7465062647861161,coarse,2.8499999999999988,0.6500000000000012,0.6500000000000012
2,src,60,3.5,0.7486101955934842,coarse,2.9499999999999984,0.5500000000000016,0.5500000000000016
2,src,70,3.5,0.7500618843242292,coarse,3.0,0.5,0.5
2,src,80,3.5,0.7511182254050107,coarse,3.0,0.5,0.5
2,src,90,3.5,0.7518320398905936,coarse,3.0,0.5,0.5
2,src,100,4.0,0.7522910760233443,coarse,2.9999999999999982,1.0000000000000018,1.0000000000000018
3,acos,10,0.05,1.0323656333072202,fine,0.05,0.0,0.0
3,acos,20,0.05,0.9891572101206756,fine,0.1,-0.05,0.05
3,acos,30,0.1,0.9825808047371448,fine,0.25,-0.15,0.15
3,acos,40,0.15,0.9803537211313678,fine,0.3,-0.15,0.15
3,acos,50,0.25,0.9834823356115672,fine,0.35,-0.09999999999999998,0.09999999999999998
3,acos,60,0.25,0.9847782342342676,fine,0.35,-0.09999999999999998,0.09999999999999998
3,acos,70,0.3,0.9864376268447764,fine,0.4,-0.10000000000000003,0.10000000000000003
3,acos,80,0.3,0.988246868140462,fine,0.4,-0.10000000000000003,0.10000000000000003
3,acos,90,0.35,0.9892532830137586,fine,0.45,-0.10000000000000003,0.10000000000000003
3,acos,100,0.35,0.9901940421169853,fine,0.45,-0.10000000000000003,0.10000000000000003
3,ami,10,0.25,0.9991164447143928,fine,0.4,-0.15000000000000002,0.15000000000000002
3,ami,20,0.35,0.9694937609808316,fine,0.55,-0.20000000000000007,0.20000000000000007
3,ami,30,0.5,0.9659035709539904,coarse,0.65,-0.15000000000000002,0.15000000000000002
3,ami,40,0.55,0.9675419869904568,fine,0.75,-0.19999999999999996,0.19999999999999996
3,ami,50,0.6500000000000001,0.9697042718575392,fine,0.8000000000000003,-0.15000000000000013,0.15000000000000013
3,ami,60,0.6500000000000001,0.9708695987417244,fine,0.8000000000000003,-0.15000000000000013,0.15000000000000013
3,ami,70,0.7000000000000002,0.9723783997187668,fine,0.8500000000000003,-0.15000000000000013,0.15000000000000013
3,ami,80,0.7500000000000002,0.9735809078235088,fine,0.8500000000000003,-0.10000000000000009,0.10000000000000009
3,ami,90,0.7500000000000002,0.9745370962295894,fine,0.9000000000000004,-0.15000000000000013,0.15000000000000013
3,ami,100,0.7500000000000002,0.9754319999866607,fine,0.9000000000000004,-0.15000000000000013,0.15000000000000013
3,ari,10,0.15,0.9951003519282358,fine,0.3,-0.15,0.15
3,ari,20,0.3,0.9653202737562188,fine,0.45,-0.15000000000000002,0.15000000000000002
3,ari,30,0.4,0.9637676424439414,fine,0.55,-0.15000000000000002,0.15000000000000002
3,ari,40,0.5,0.9651949210719764,coarse,0.6000000000000001,-0.10000000000000009,0.10000000000000009
3,ari,50,0.55,0.9674132784547887,fine,0.65,-0.09999999999999998,0.09999999999999998
3,ari,60,0.6000000000000001,0.9687381174775412,fine,0.7000000000000001,-0.09999999999999998,0.09999999999999998
3,ari,70,0.6000000000000001,0.9702570767658006,fine,0.7000000000000001,-0.09999999999999998,0.09999999999999998
3,ari,80,0.65,0.9713567782477576,fine,0.75,-0.09999999999999998,0.09999999999999998
3,ari,90,0.6500000000000001,0.9722546094264484,fine,0.7500000000000002,-0.10000000000000009,0.10000000000000009
3,ari,100,0.6500000000000001,0.9729899730775312,fine,0.7500000000000002,-0.10000000000000009,0.10000000000000009
3,chebyshev,10,7.0,0.6378111685744348,coarse,4.5,2.5,2.5
3,chebyshev,20,8.5,0.6366048598878133,coarse,6.0,2.5,2.5
3,chebyshev,30,9.5,0.6404765519248043,coarse,7.0,2.5,2.5
3,chebyshev,40,10.0,0.6433472455194124,coarse,7.0,3.0,3.0
3,chebyshev,50,10.0,0.6459145138670235,coarse,7.5,2.5,2.5
3,chebyshev,60,10.0,0.6478950930591749,coarse,8.0,2.0,2.0
3,chebyshev,70,10.0,0.6496171473586321,coarse,8.0,2.0,2.0
3,chebyshev,80,10.0,0.6509272958074565,coarse,8.0,2.0,2.0
3,chebyshev,90,10.0,0.6519086528016518,coarse,8.5,1.5,1.5
3,chebyshev,100,10.0,0.6527705177745955,coarse,8.5,1.5,1.5
3,cosine,10,0.6000000000000001,1.030013926179164,fine,1.0000000000000004,-0.40000000000000036,0.40000000000000036
3,cosine,20,1.2500000000000009,1.0083329835204675,fine,1.0,0.2500000000000009,0.2500000000000009
3,cosine,30,2.0,1.0045858934436926,coarse,1.0,1.0,1.0
3,cosine,40,2.0,1.006051537181054,coarse,1.0,1.0,1.0
3,cosine,50,2.5,1.006689934179649,coarse,1.0,1.5,1.5
3,cosine,60,2.5,1.0080123799087275,coarse,1.0,1.5,1.5
3,cosine,70,3.0,1.0093076273298536,coarse,1.0,2.0,2.0
3,cosine,80,3.0,1.0104566090891134,coarse,1.0,2.0,2.0
3,cosine,90,3.0,1.011346578725363,coarse,1.0,2.0,2.0
3,cosine,100,3.5,1.0117836370084767,coarse,1.0,2.5,2.5
3,cpcc,10,5.5,0.6458004007040845,coarse,1.4000000000000004,4.1,4.1
3,cpcc,20,8.0,0.6523279704870942,coarse,2.9999999999999982,5.000000000000002,5.000000000000002
3,cpcc,30,10.0,0.6565282077003997,coarse,4.5,5.5,5.5
3,cpcc,40,10.0,0.6588395424348089,coarse,5.0,5.0,5.0
3,cpcc,50,10.0,0.6603639638891726,coarse,5.5,4.5,4.5
3,cpcc,60,10.0,0.6614469793577562,coarse,5.5,4.5,4.5
3,cpcc,70,10.0,0.6621786479787933,coarse,5.5,4.5,4.5
3,cpcc,80,10.0,0.6626626455071564,coarse,6.0,4.0,4.0
3,cpcc,90,10.0,0.6630151614457953,coarse,6.0,4.0,4.0
3,cpcc,100,10.0,0.6633025286319328,coarse,6.0,4.0,4.0
3,euclidean,10,3.5,0.7024866714767175,coarse,2.8499999999999988,0.6500000000000012,0.6500000000000012
3,euclidean,20,4.5,0.7070896686173694,coarse,3.5,1.0,1.0
3,euclidean,30,4.5,0.7133283747298039,coarse,4.0,0.5,0.5
3,euclidean,40,5.0,0.7174615636922276,coarse,4.5,0.5,0.5
3,euclidean,50,5.0,0.7209161871139408,coarse,4.5,0.5,0.5
3,euclidean,60,5.5,0.7230561026111151,coarse,4.5,1.0,1.0
3,euclidean,70,5.5,0.7245481188940169,coarse,4.5,1.0,1.0
3,euclidean,80,5.5,0.7257694761281002,coarse,5.0,0.5,0.5
3,euclidean,90,5.5,0.7267176023708929,coarse,5.0,0.5,0.5
3,euclidean,100,5.5,0.7275017021540373,coarse,5.0,0.5,0.5
3,ipwr,10,0.9000000000000004,0.95749248414734,fine,1.0000000000000004,-0.10000000000000009,0.10000000000000009
3,ipwr,20,1.2500000000000009,0.9314827082182504,fine,1.0,0.2500000000000009,0.2500000000000009
3,ipwr,30,1.4500000000000008,0.9272249668345628,fine,1.0,0.45000000000000084,0.45000000000000084
3,ipwr,40,1.5,0.9267378192788818,coarse,1.0,0.5,0.5
3,ipwr,50,1.5,0.927816296604414,coarse,1.0000000000000004,0.49999999999999956,0.49999999999999956
3,ipwr,60,2.0,0.9282653796812446,coarse,1.0,1.0,1.0
3,ipwr,70,2.0,0.9288493566555294,coarse,1.1000000000000003,0.8999999999999997,0.8999999999999997
3,ipwr,80,2.0,0.9292464528717144,coarse,1.1500000000000006,0.8499999999999994,0.8499999999999994
3,ipwr,90,2.0,0.9296417632936428,coarse,1.2000000000000006,0.7999999999999994,0.7999999999999994
3,ipwr,100,2.0,0.9299910282093576,coarse,1.2000000000000006,0.7999999999999994,0.7999999999999994
3,itr,10,0.5,0.9776950133259786,coarse,1.0,-0.5,0.5
3,itr,20,1.4500000000000008,0.9294125610854408,fine,1.0,0.45000000000000084,0.45000000000000084
3,itr,30,3.0,0.9212050421748382,coarse,1.0,2.0,2.0
3,itr,40,4.0,0.9219538809969172,coarse,1.0,3.0,3.0
3,itr,50,5.0,0.9246296057177305,coarse,1.0000000000000004,3.9999999999999996,3.9999999999999996
3,itr,60,5.5,0.9295328177150204,coarse,1.0000000000000004,4.5,4.5
3,itr,70,6.5,0.9342283503591922,coarse,1.0,5.5,5.5
3,itr,80,7.0,0.9383861590772742,coarse,1.0000000000000004,6.0,6.0
3,itr,90,7.0,0.9419999400427528,coarse,1.0000000000000004,6.0,6.0
3,itr,100,7.5,0.9458185168047142,coarse,1.0,6.5,6.5
3,jaccard,10,0.5,1.0646127810913089,coarse,1.0,-0.5,0.5
3,jaccard,20,0.5,1.035627162203698,coarse,1.0000000000000004,-0.5000000000000004,0.5000000000000004
3,jaccard,30,0.55,1.0302763178422811,fine,1.0,-0.44999999999999996,0.44999999999999996
3,jaccard,40,0.8500000000000003,1.0297627963176548,fine,1.0,-0.1499999999999997,0.1499999999999997
3,jaccard,50,1.0500000000000005,1.0305046256845216,fine,1.0,0.05000000000000049,0.05000000000000049
3,jaccard,60,1.1500000000000006,1.0306196895097384,fine,1.0,0.15000000000000058,0.15000000000000058
3,jaccard,70,1.2500000000000009,1.031281309059712,fine,1.0,0.2500000000000009,0.2500000000000009
3,jaccard,80,1.3500000000000008,1.0321524603117171,fine,1.0,0.35000000000000075,0.35000000000000075
3,jaccard,90,1.4500000000000008,1.0325518313150468,fine,1.0000000000000004,0.4500000000000004,0.4500000000000004
3,jaccard,100,1.4500000000000008,1.0328037773069714,fine,1.0,0.45000000000000084,0.45000000000000084
3,jmsd,10,1.4000000000000008,1.0124116359514308,fine,1.0,0.4000000000000008,0.4000000000000008
3,jmsd,20,2.0,0.9918876902451038,coarse,1.0,1.0,1.0
3,jmsd,30,2.5,0.992907215081424,coarse,1.0,1.5,1.5
3,jmsd,40,2.5,0.9945359918853146,coarse,1.0,1.5,1.5
3,jmsd,50,3.0,0.996107014982252,coarse,1.0,2.0,2.0
3,jmsd,60,3.0,0.9978326688479996,coarse,1.0,2.0,2.0
3,jmsd,70,3.0,0.998948510026127,coarse,1.0000000000000004,1.9999999999999996,1.9999999999999996
3,jmsd,80,3.0,1.0004458269342444,coarse,1.0,2.0,2.0
3,jmsd,90,3.5,1.001103596907013,coarse,1.0000000000000004,2.4999999999999996,2.4999999999999996
3,jmsd,100,3.5,1.0016683240919897,coarse,1.0500000000000005,2.4499999999999993,2.4499999999999993
3,kendall_tau_b,10,2.0,0.7278327131451302,coarse,1.0,1.0,1.0
3,kendall_tau_b,20,2.5,0.7285006268456665,coarse,1.8500000000000003,0.6499999999999997,0.6499999999999997
3,kendall_tau_b,30,2.9999999999999964,0.7340128648951798,fine,2.299999999999999,0.6999999999999975,0.6999999999999975
3,kendall_tau_b,40,3.0,0.7387917740436097,coarse,2.7499999999999973,0.25000000000000266,0.25000000000000266
3,kendall_tau_b,50,3.5,0.7415755668590472,coarse,2.749999999999999,0.7500000000000009,0.7500000000000009
3,kendall_tau_b,60,3.5,0.7435735992862214,coarse,2.8999999999999986,0.6000000000000014,0.6000000000000014
3,kendall_tau_b,70,3.5,0.744881934348148,coarse,2.9499999999999984,0.5500000000000016,0.5500000000000016
3,kendall_tau_b,80,3.5,0.7458600917008701,coarse,3.0,0.5,0.5
3,kendall_tau_b,90,3.5,0.7465082533854511,coarse,3.0,0.5,0.5
3,kendall_tau_b,100,3.5,0.7470062826845191,coarse,3.0,0.5,0.5
3,manhattan,10,1.5500000000000005,0.8147394429927445,fine,1.3500000000000003,0.20000000000000018,0.20000000000000018
3,manhattan,20,1.9000000000000008,0.8189539456273327,fine,1.7000000000000006,0.20000000000000018,0.20000000000000018
3,manhattan,30,2.1000000000000005,0.826780472972305,fine,1.9000000000000004,0.20000000000000018,0.20000000000000018
3,manhattan,40,2.2000000000000006,0.8320725564934478,fine,2.0500000000000007,0.1499999999999999,0.1499999999999999
3,manhattan,50,2.3000000000000007,0.8363304264474389,fine,2.1500000000000004,0.15000000000000036,0.15000000000000036
3,manhattan,60,2.3500000000000005,0.8395215370685684,fine,2.2000000000000006,0.1499999999999999,0.1499999999999999
3,manhattan,70,2.3999999999999986,0.8419726114238364,fine,2.249999999999999,0.14999999999999947,0.14999999999999947
3,manhattan,80,2.4499999999999984,0.8437369362763268,fine,2.299999999999999,0.14999999999999947,0.14999999999999947
3,manhattan,90,2.4499999999999984,0.8451804145208328,fine,2.299999999999999,0.14999999999999947,0.14999999999999947
3,manhattan,100,2.5,0.8462607527174408,coarse,2.3499999999999988,0.15000000000000124,0.15000000000000124
3,msd,10,10.0,0.6056675936893021,coarse,1.0,9.0,9.0
3,msd,20,10.0,0.6657342062212194,coarse,1.0,9.0,9.0
3,msd,30,10.0,0.7099989243493524,coarse,1.0,9.0,9.0
3,msd,40,10.0,0.7438892754824944,coarse,1.0,9.0,9.0
3,msd,50,10.0,0.7702738943971963,coarse,1.0,9.0,9.0
3,msd,60,10.0,0.7918183847299767,coarse,1.0,9.0,9.0
3,msd,70,10.0,0.810057254971221,coarse,1.0,9.0,9.0
3,msd,80,10.0,0.8255962747798987,coarse,1.0,9.0,9.0
3,msd,90,10.0,0.8385396513012853,coarse,1.7500000000000009,8.25,8.25
3,msd,100,10.0,0.8495908209268476,coarse,2.549999999999998,7.450000000000002,7.450000000000002
3,pcc,10,3.0,0.6723965988704206,coarse,1.4500000000000004,1.5499999999999996,1.5499999999999996
3,pcc,20,3.5,0.6747767166699352,coarse,2.549999999999998,0.950000000000002,0.950000000000002
3,pcc,30,4.0,0.6801298037959028,coarse,3.0,1.0,1.0
3,pcc,40,4.5,0.6835141801449723,coarse,3.5,1.0,1.0
3,pcc,50,4.5,0.6855824757794684,coarse,3.5,1.0,1.0
3,pcc,60,4.5,0.6869733924950396,coarse,3.5,1.0,1.0
3,pcc,70,4.5,0.6878536471208201,coarse,3.5,1.0,1.0
3,pcc,80,4.5,0.6884754542441093,coarse,4.0,0.5,0.5
3,pcc,90,4.5,0.6888792915285473,coarse,4.0,0.5,0.5
3,pcc,100,4.5,0.6891681384480028,coarse,4.0,0.5,0.5
3,spcc,10,3.0,0.6723144696659623,coarse,1.4000000000000004,1.5999999999999996,1.5999999999999996
3,spcc,20,3.5,0.6761207446852929,coarse,2.549999999999998,0.950000000000002,0.950000000000002
3,spcc,30,4.5,0.6810954680131619,coarse,3.0,1.5,1.5
3,spcc,40,4.5,0.6844623852910308,coarse,3.5,1.0,1.0
3,spcc,50,4.5,0.6868284207297651,coarse,3.5,1.0,1.0
3,spcc,60,4.5,0.6884158312163645,coarse,3.5,1.0,1.0
3,spcc,70,5.0,0.6891930081599316,coarse,4.0,1.0,1.0
3,spcc,80,5.0,0.6896838557817454,coarse,4.0,1.0,1.0
3,spcc,90,5.0,0.690007320572075,coarse,4.0,1.0,1.0
3,spcc,100,5.0,0.6902298451178337,coarse,4.0,1.0,1.0
3,src,10,2.0,0.7279924547363457,coarse,1.0,1.0,1.0
3,src,20,3.0,0.7287717796477786,coarse,1.8500000000000003,1.1499999999999997,1.1499999999999997
3,src,30,2.9999999999999964,0.73444136304294,fine,2.3499999999999988,0.6499999999999977,0.6499999999999977
3,src,40,3.5,0.7390499966014351,coarse,2.6999999999999975,0.8000000000000025,0.8000000000000025
3,src,50,3.5,0.7419390809878753,coarse,2.8499999999999988,0.6500000000000012,0.6500000000000012
3,src,60,3.5,0.7441648084180373,coarse,3.0,0.5,0.5
3,src,70,3.5,0.745767441402206,coarse,3.0,0.5,0.5
3,src,80,4.0,0.7467115918521345,coarse,2.9999999999999982,1.0000000000000018,1.0000000000000018
3,src,90,4.0,0.7472145091888321,coarse,3.0,1.0,1.0
3,src,100,4.0,0.7475771527382957,coarse,2.9999999999999982,1.0000000000000018,1.0000000000000018
4,acos,10,0.05,1.0540899397759564,fine,0.05,0.0,0.0
4,acos,20,0.05,1.0073150818575811,fine,0.05,0.0,0.0
4,acos,30,0.05,0.9965889824848888,fine,0.1,-0.05,0.05
4,acos,40,0.05,0.9975324880210332,fine,0.15,-0.09999999999999999,0.09999999999999999
4,acos,50,0.1,0.9987311447632856,fine,0.2,-0.1,0.1
4,acos,60,0.15,1.0004022683123672,fine,0.25,-0.1,0.1
4,acos,70,0.15,1.0016787880939078,fine,0.25,-0.1,0.1
4,acos,80,0.2,1.003611020262973,fine,0.3,-0.09999999999999998,0.09999999999999998
4,acos,90,0.2,1.0053536730048902,fine,0.3,-0.09999999999999998,0.09999999999999998
4,acos,100,0.25,1.0061478133718893,fine,0.35,-0.09999999999999998,0.09999999999999998
4,ami,10,0.2,1.0041147598214346,fine,0.4,-0.2,0.2
4,ami,20,0.35,0.97757832481655,fine,0.5,-0.15000000000000002,0.15000000000000002
4,ami,30,0.45,0.9761470341623584,fine,0.55,-0.10000000000000003,0.10000000000000003
4,ami,40,0.55,0.9776480891423288,fine,0.7000000000000001,-0.15000000000000002,0.15000000000000002
4,ami,50,0.55,0.9802061495698242,fine,0.75,-0.19999999999999996,0.19999999999999996
4,ami,60,0.6500000000000001,0.9823998765467418,fine,0.8000000000000003,-0.15000000000000013,0.15000000000000013
4,ami,70,0.7000000000000002,0.9840479302559986,fine,0.8000000000000003,-0.10000000000000009,0.10000000000000009
4,ami,80,0.7000000000000002,0.9855927017442976,fine,0.8500000000000003,-0.15000000000000013,0.15000000000000013
4,ami,90,0.7500000000000002,0.9864055666665836,fine,0.8500000000000003,-0.10000000000000009,0.10000000000000009
4,ami,100,0.7500000000000002,0.9870715144538744,fine,0.8500000000000003,-0.10000000000000009,0.10000000000000009
4,ari,10,0.15,0.9944762638380494,fine,0.3,-0.15,0.15
4,ari,20,0.3,0.9721835839226576,fine,0.45,-0.15000000000000002,0.15000000000000002
4,ari,30,0.4,0.969490652722232,fine,0.55,-0.15000000000000002,0.15000000000000002
4,ari,40,0.45,0.9709609605392812,fine,0.6000000000000001,-0.15000000000000008,0.15000000000000008
4,ari,50,0.5,0.9733474454988508,coarse,0.65,-0.15000000000000002,0.15000000000000002
4,ari,60,0.55,0.975144067841502,fine,0.7000000000000001,-0.15000000000000002,0.15000000000000002
4,ari,70,0.6000000000000001,0.9767674517232212,fine,0.7000000000000001,-0.09999999999999998,0.09999999999999998
4,ari,80,0.6000000000000001,0.97782823160467,fine,0.7000000000000001,-0.09999999999999998,0.09999999999999998
4,ari,90,0.65,0.9789734401785256,fine,0.75,-0.09999999999999998,0.09999999999999998
4,ari,100,0.65,0.9797818599605104,fine,0.75,-0.09999999999999998,0.09999999999999998
4,chebyshev,10,6.5,0.6425993808876941,coarse,4.5,2.0,2.0
4,chebyshev,20,8.0,0.6425098194133051,coarse,6.0,2.0,2.0
4,chebyshev,30,9.0,0.6468892570951269,coarse,6.5,2.5,2.5
4,chebyshev,40,9.5,0.6504552711617788,coarse,7.0,2.5,2.5
4,chebyshev,50,10.0,0.653265128866521,coarse,7.5,2.5,2.5
4,chebyshev,60,10.0,0.6555578765841844,coarse,8.0,2.0,2.0
4,chebyshev,70,10.0,0.6571398577189028,coarse,8.0,2.0,2.0
4,chebyshev,80,10.0,0.6585185863613724,coarse,8.0,2.0,2.0
4,chebyshev,90,10.0,0.6596308335403006,coarse,8.0,2.0,2.0
4,chebyshev,100,10.0,0.6605326634275009,coarse,8.5,1.5,1.5
4,cosine,10,1.0500000000000005,1.046647565791039,fine,1.0,0.05000000000000049,0.05000000000000049
4,cosine,20,1.2000000000000006,1.016564100616394,fine,1.0,0.20000000000000062,0.20000000000000062
4,cosine,30,1.5,1.0144771854485344,coarse,1.0,0.5,0.5
4,cosine,40,2.0,1.0156516867392382,coarse,1.0,1.0,1.0
4,cosine,50,2.0,1.0169810111248136,coarse,1.0000000000000004,0.9999999999999996,0.9999999999999996
4,cosine,60,2.5,1.01848405986769,coarse,1.0,1.5,1.5
4,cosine,70,2.5,1.01986251289412,coarse,1.0,1.5,1.5
4,cosine,80,3.0,1.0209429426041774,coarse,1.0,2.0,2.0
4,cosine,90,3.0,1.021588949091535,coarse,1.0000000000000004,1.9999999999999996,1.9999999999999996
4,cosine,100,3.0,1.0220409747335617,coarse,1.0000000000000004,1.9999999999999996,1.9999999999999996
4,cpcc,10,7.5,0.64493389439289,coarse,2.0500000000000007,5.449999999999999,5.449999999999999
4,cpcc,20,9.0,0.6506883286611295,coarse,4.0,5.0,5.0
4,cpcc,30,9.0,0.6552673945649624,coarse,4.5,4.5,4.5
4,cpcc,40,10.0,0.657932567034488,coarse,6.0,4.0,4.0
4,cpcc,50,10.0,0.6595775958277922,coarse,6.0,4.0,4.0
4,cpcc,60,10.0,0.6607590888359863,coarse,6.0,4.0,4.0
4,cpcc,70,10.0,0.6616352860548899,coarse,6.0,4.0,4.0
4,cpcc,80,10.0,0.6622205305506738,coarse,6.0,4.0,4.0
4,cpcc,90,10.0,0.6626075786625512,coarse,6.5,3.5,3.5
4,cpcc,100,10.0,0.662912716837259,coarse,6.5,3.5,3.5
4,euclidean,10,3.5,0.7052706962002517,coarse,2.749999999999999,0.7500000000000009,0.7500000000000009
4,euclidean,20,4.5,0.7128796300264506,coarse,3.5,1.0,1.0
4,euclidean,30,4.5,0.7188925390967081,coarse,4.0,0.5,0.5
4,euclidean,40,5.0,0.7234699801483833,coarse,4.5,0.5,0.5
4,euclidean,50,5.5,0.7265431903560324,coarse,4.5,1.0,1.0
4,euclidean,60,5.5,0.7285128526722141,coarse,4.5,1.0,1.0
4,euclidean,70,5.5,0.7300238644913928,coarse,4.5,1.0,1.0
4,euclidean,80,5.5,0.7311913353395504,coarse,5.0,0.5,0.5
4,euclidean,90,5.5,0.7321579361575014,coarse,5.0,0.5,0.5
4,euclidean,100,5.5,0.7329470071429324,coarse,5.0,0.5,0.5
4,ipwr,10,1.0,0.9593008321139196,coarse,1.0,0.0,0.0
4,ipwr,20,1.3500000000000008,0.9365574312169276,fine,1.0,0.35000000000000075,0.35000000000000075
4,ipwr,30,1.5,0.9351714774486228,coarse,1.0,0.5,0.5
4,ipwr,40,2.0,0.9342862924152918,coarse,1.0000000000000004,0.9999999999999996,0.9999999999999996
4,ipwr,50,2.0,0.934942893463655,coarse,1.0000000000000004,0.9999999999999996,0.9999999999999996
4,ipwr,60,2.0,0.9353876637529072,coarse,1.0500000000000005,0.9499999999999995,0.9499999999999995
4,ipwr,70,2.0,0.935542719034625,coarse,1.1500000000000006,0.8499999999999994,0.8499999999999994
4,ipwr,80,2.0,0.9359011191229524,coarse,1.2000000000000006,0.7999999999999994,0.7999999999999994
4,ipwr,90,2.0,0.9362152215212624,coarse,1.2500000000000002,0.7499999999999998,0.7499999999999998
4,ipwr,100,2.0,0.9366905295368118,coarse,1.3000000000000005,0.6999999999999995,0.6999999999999995
4,itr,10,0.5,1.0015749819613131,coarse,1.0,-0.5,0.5
4,itr,20,0.8500000000000003,0.9489437707529976,fine,1.0000000000000004,-0.15000000000000013,0.15000000000000013
4,itr,30,2.0,0.9395583207015716,coarse,1.0000000000000004,0.9999999999999996,0.9999999999999996
4,itr,40,3.0,0.9391340888475148,coarse,1.0000000000000004,1.9999999999999996,1.9999999999999996
4,itr,50,4.0,0.9422641562086072,coarse,1.0000000000000004,2.9999999999999996,2.9999999999999996
4,itr,60,4.5,0.9464481986933628,coarse,1.0,3.5,3.5
4,itr,70,5.5,0.9506633011360808,coarse,1.0000000000000004,4.5,4.5
4,itr,80,6.0,0.9553475884945138,coarse,1.0,5.0,5.0
4,itr,90,6.5,0.9596568959835664,coarse,1.0000000000000004,5.5,5.5
4,itr,100,6.5,0.9630293105483576,coarse,1.0000000000000004,5.5,5.5
4,jaccard,10,0.55,1.071732410792717,fine,1.0,-0.44999999999999996,0.44999999999999996
4,jaccard,20,0.6500000000000001,1.0416971869150995,fine,1.0,-0.34999999999999987,0.34999999999999987
4,jaccard,30,0.9000000000000004,1.0363009146378517,fine,1.0000000000000004,-0.10000000000000009,0.10000000000000009
4,jaccard,40,1.1000000000000003,1.036113826681097,fine,1.0000000000000004,0.09999999999999987,0.09999999999999987
4,jaccard,50,1.4000000000000008,1.0376308334561193,fine,1.0000000000000004,0.40000000000000036,0.40000000000000036
4,jaccard,60,1.5000000000000009,1.038236713044345,fine,1.0000000000000004,0.5000000000000004,0.5000000000000004
4,jaccard,70,1.5,1.0388681050348918,coarse,1.0,0.5,0.5
4,jaccard,80,1.5,1.039462933625397,coarse,1.0000000000000004,0.49999999999999956,0.49999999999999956
4,jaccard,90,1.5,1.0398365542852954,coarse,1.0,0.5,0.5
4,jaccard,100,2.0,1.0403031337555726,coarse,1.0000000000000004,0.9999999999999996,0.9999999999999996
4,jmsd,10,1.2500000000000009,1.0158385438984223,fine,1.0000000000000004,0.25000000000000044,0.25000000000000044
4,jmsd,20,2.0,0.9999105065029782,coarse,1.0000000000000004,0.9999999999999996,0.9999999999999996
4,jmsd,30,2.5,0.9990730306552348,coarse,1.0,1.5,1.5
4,jmsd,40,2.5,1.0006558152738452,coarse,1.0,1.5,1.5
4,jmsd,50,3.0,1.003081770078877,coarse,1.0,2.0,2.0
4,jmsd,60,3.0,1.0050388715629262,coarse,1.0000000000000004,1.9999999999999996,1.9999999999999996
4,jmsd,70,3.0,1.0066142451221936,coarse,1.0000000000000004,1.9999999999999996,1.9999999999999996
4,jmsd,80,3.0,1.0075999414034345,coarse,1.0500000000000005,1.9499999999999995,1.9499999999999995
4,jmsd,90,3.0,1.0084574554438055,coarse,1.1500000000000006,1.8499999999999994,1.8499999999999994
4,jmsd,100,3.5,1.0090013491913528,coarse,1.2000000000000006,2.2999999999999994,2.2999999999999994
4,kendall_tau_b,10,2.0,0.731551580427668,coarse,1.1500000000000006,0.8499999999999994,0.8499999999999994
4,kendall_tau_b,20,2.5,0.7306190159747146,coarse,1.9000000000000004,0.5999999999999996,0.5999999999999996
4,kendall_tau_b,30,2.9999999999999964,0.7362729515609676,fine,2.3499999999999988,0.6499999999999977,0.6499999999999977
4,kendall_tau_b,40,3.5,0.7412294743967768,coarse,2.6499999999999977,0.8500000000000023,0.8500000000000023
4,kendall_tau_b,50,3.5,0.7438269704655777,coarse,2.799999999999999,0.7000000000000011,0.7000000000000011
4,kendall_tau_b,60,3.5,0.7457013884952876,coarse,2.9499999999999984,0.5500000000000016,0.5500000000000016
4,kendall_tau_b,70,3.5,0.747093097612345,coarse,3.0,0.5,0.5
4,kendall_tau_b,80,3.5,0.7480771829695684,coarse,3.0,0.5,0.5
4,kendall_tau_b,90,3.5,0.7487718408705832,coarse,3.0,0.5,0.5
4,kendall_tau_b,100,3.5,0.7492782960653945,coarse,3.0,0.5,0.5
4,manhattan,10,1.5500000000000005,0.8179753625499547,fine,1.3500000000000003,0.20000000000000018,0.20000000000000018
4,manhattan,20,1.9000000000000008,0.8240593188521504,fine,1.7000000000000006,0.20000000000000018,0.20000000000000018
4,manhattan,30,2.0500000000000007,0.8312532251173574,fine,1.9000000000000004,0.15000000000000036,0.15000000000000036
4,manhattan,40,2.2000000000000006,0.8369776363087371,fine,2.0500000000000007,0.1499999999999999,0.1499999999999999
4,manhattan,50,2.250000000000001,0.841157989769044,fine,2.1000000000000005,0.15000000000000036,0.15000000000000036
4,manhattan,60,2.3500000000000005,0.8443205867601237,fine,2.2000000000000006,0.1499999999999999,0.1499999999999999
4,manhattan,70,2.400000000000001,0.8466958700379899,fine,2.250000000000001,0.1499999999999999,0.1499999999999999
4,manhattan,80,2.3999999999999986,0.8485804936852223,fine,2.299999999999999,0.09999999999999964,0.09999999999999964
4,manhattan,90,2.4499999999999984,0.850057014021073,fine,2.299999999999999,0.14999999999999947,0.14999999999999947
4,manhattan,100,2.4499999999999984,0.851165216135901,fine,2.3499999999999988,0.09999999999999964,0.09999999999999964
4,msd,10,10.0,0.6156702865870128,coarse,1.0,9.0,9.0
4,msd,20,10.0,0.6762911810620833,coarse,1.0,9.0,9.0
4,msd,30,10.0,0.7206992945924118,coarse,1.0,9.0,9.0
4,msd,40,10.0,0.7534396023548258,coarse,1.0,9.0,9.0
4,msd,50,10.0,0.7802034169092671,coarse,1.0,9.0,9.0
4,msd,60,10.0,0.8018802108172133,coarse,1.0,9.0,9.0
4,msd,70,10.0,0.8201957852119599,coarse,1.0,9.0,9.0
4,msd,80,10.0,0.8353447197460852,coarse,1.0,9.0,9.0
4,msd,90,10.0,0.8485874543825708,coarse,1.8500000000000003,8.15,8.15
4,msd,100,10.0,0.8591820091264291,coarse,2.599999999999998,7.400000000000002,7.400000000000002
4,pcc,10,3.0,0.6820418474888129,coarse,1.5500000000000005,1.4499999999999995,1.4499999999999995
4,pcc,20,3.5,0.684793883908999,coarse,2.549999999999998,0.950000000000002,0.950000000000002
4,pcc,30,4.0,0.6898104396981383,coarse,3.0,1.0,1.0
4,pcc,40,4.5,0.6938188879900216,coarse,3.5,1.0,1.0
4,pcc,50,5.0,0.6957707501067837,coarse,3.5,1.5,1.5
4,pcc,60,5.0,0.6968013741107129,coarse,3.5,1.5,1.5
4,pcc,70,5.0,0.697506357234984,coarse,4.0,1.0,1.0
4,pcc,80,5.0,0.6979755910200713,coarse,4.0,1.0,1.0
4,pcc,90,5.0,0.6982798777564169,coarse,4.0,1.0,1.0
4,pcc,100,5.0,0.6984868484283667,coarse,4.0,1.0,1.0
4,spcc,10,3.0,0.6819274241100391,coarse,1.5,1.5,1.5
4,spcc,20,4.0,0.6860882342917901,coarse,2.549999999999998,1.450000000000002,1.450000000000002
4,spcc,30,4.5,0.6911890004529264,coarse,3.0,1.5,1.5
4,spcc,40,5.0,0.6942752733624823,coarse,3.5,1.5,1.5
4,spcc,50,5.0,0.6959584097041124,coarse,3.5,1.5,1.5
4,spcc,60,5.0,0.6971208324686968,coarse,4.0,1.0,1.0
4,spcc,70,5.0,0.697957850111204,coarse,4.0,1.0,1.0
4,spcc,80,5.0,0.6984739825051511,coarse,4.0,1.0,1.0
4,spcc,90,5.0,0.6988050827779043,coarse,4.0,1.0,1.0
4,spcc,100,5.0,0.6990415406957872,coarse,4.0,1.0,1.0
4,src,10,2.0,0.7319834503060244,coarse,1.1000000000000003,0.8999999999999997,0.8999999999999997
4,src,20,3.0,0.7307221361020804,coarse,1.9000000000000004,1.0999999999999996,1.0999999999999996
4,src,30,3.5,0.7369507728687626,coarse,2.4499999999999984,1.0500000000000016,1.0500000000000016
4,src,40,3.5,0.7409996287684719,coarse,2.749999999999999,0.7500000000000009,0.7500000000000009
4,src,50,3.5,0.7439949892961275,coarse,2.9499999999999984,0.5500000000000016,0.5500000000000016
4,src,60,3.5,0.7460072569308922,coarse,3.0,0.5,0.5
4,src,70,4.0,0.7471360288765893,coarse,3.0,1.0,1.0
4,src,80,4.0,0.7478957374028503,coarse,3.0,1.0,1.0
4,src,90,4.0,0.7484405368758482,coarse,3.5,0.5,0.5
4,src,100,4.0,0.7488152171806727,coarse,3.5,0.5,0.5
5,acos,10,0.05,1.052746875550427,fine,0.25,-0.2,0.2
5,acos,20,0.05,1.0098554123263146,fine,0.5,-0.45,0.45
5,acos,30,0.1,1.0055018037433725,fine,0.6000000000000001,-0.5000000000000001,0.5000000000000001
5,acos,40,0.15,1.0048870717235188,fine,0.65,-0.5,0.5
5,acos,50,0.2,1.0072330916104422,fine,0.7000000000000001,-0.5,0.5
5,acos,60,0.25,1.008632813369589,fine,0.7000000000000001,-0.45000000000000007,0.45000000000000007
5,acos,70,0.3,1.0108076572957352,fine,0.75,-0.45,0.45
5,acos,80,0.3,1.012309355070916,fine,0.75,-0.45,0.45
5,acos,90,0.5,1.0155535404938585,coarse,0.7500000000000002,-0.2500000000000002,0.2500000000000002
5,acos,100,0.5,1.0167087985917604,coarse,0.7500000000000002,-0.2500000000000002,0.2500000000000002
5,ami,10,0.5,1.0216375654953282,coarse,0.8500000000000003,-0.3500000000000003,0.3500000000000003
5,ami,20,0.5,0.9916121487503458,coarse,1.0,-0.5,0.5
5,ami,30,0.5,0.9880594140590058,coarse,1.0,-0.5,0.5
5,ami,40,0.5,0.9900212505183192,coarse,1.0,-0.5,0.5
5,ami,50,0.5,0.9921914774087044,coarse,1.0,-0.5,0.5
5,ami,60,0.5,0.9941174646856094,coarse,1.0,-0.5,0.5
5,ami,70,0.55,0.9957002035893407,fine,1.0,-0.44999999999999996,0.44999999999999996
5,ami,80,0.55,0.9970801474758094,fine,1.0,-0.44999999999999996,0.44999999999999996
5,ami,90,0.55,0.9981537756769469,fine,1.0,-0.44999999999999996,0.44999999999999996
5,ami,100,0.6000000000000001,0.9992175019343243,fine,1.0,-0.3999999999999999,0.3999999999999999
5,ari,10,0.05,1.0140625233932832,fine,0.75,-0.7,0.7
5,ari,20,0.5,0.992287925982629,coarse,0.9000000000000004,-0.40000000000000036,0.40000000000000036
5,ari,30,0.5,0.9884844542253374,coarse,0.9500000000000004,-0.4500000000000004,0.4500000000000004
5,ari,40,0.5,0.9896591942960614,coarse,1.0,-0.5,0.5
5,ari,50,0.5,0.9914534684600366,coarse,1.0000000000000004,-0.5000000000000004,0.5000000000000004
5,ari,60,0.5,0.9929890873961152,coarse,1.0,-0.5,0.5
5,ari,70,0.5,0.9945644215897812,coarse,1.0,-0.5,0.5
5,ari,80,0.55,0.9956546291828976,fine,1.0,-0.44999999999999996,0.44999999999999996
5,ari,90,0.55,0.996686159188187,fine,1.0,-0.44999999999999996,0.44999999999999996
5,ari,100,0.55,0.9973385022981216,fine,1.0,-0.44999999999999996,0.44999999999999996
5,chebyshev,10,7.0,0.6499883966115136,coarse,1.0,6.0,6.0
5,chebyshev,20,8.5,0.650069972605099,coarse,1.0000000000000004,7.5,7.5
5,chebyshev,30,9.5,0.6539441246059313,coarse,1.0,8.5,8.5
5,chebyshev,40,10.0,0.6576389731613959,coarse,1.0000000000000004,9.0,9.0
5,chebyshev,50,10.0,0.6604475337514512,coarse,1.0,9.0,9.0
5,chebyshev,60,10.0,0.6628695638491805,coarse,1.0,9.0,9.0
5,chebyshev,70,10.0,0.6646669853967829,coarse,1.0000000000000004,9.0,9.0
5,chebyshev,80,10.0,0.6661591016608804,coarse,1.0,9.0,9.0
5,chebyshev,90,10.0,0.6673846319463651,coarse,3.5,6.5,6.5
5,chebyshev,100,10.0,0.6682725152668956,coarse,3.5,6.5,6.5
5,cosine,10,1.5,1.053071188060553,coarse,1.0,0.5,0.5
5,cosine,20,2.0,1.0256449104500185,coarse,1.0,1.0,1.0
5,cosine,30,2.5,1.0240400168798507,coarse,1.0,1.5,1.5
5,cosine,40,2.5,1.0236193274691912,coarse,1.0,1.5,1.5
5,cosine,50,3.0,1.0248527331648838,coarse,1.0,2.0,2.0
5,cosine,60,3.0,1.0252873930476627,coarse,1.0,2.0,2.0
5,cosine,70,3.5,1.026344014487349,coarse,1.0000000000000004,2.4999999999999996,2.4999999999999996
5,cosine,80,3.5,1.0269682426608375,coarse,1.0,2.5,2.5
5,cosine,90,3.5,1.0275385515528068,coarse,1.0,2.5,2.5
5,cosine,100,3.5,1.0283680198628824,coarse,1.0000000000000004,2.4999999999999996,2.4999999999999996
5,cpcc,10,6.5,0.6606768979121181,coarse,1.0000000000000004,5.5,5.5
5,cpcc,20,8.5,0.6705883691230923,coarse,1.0000000000000004,7.5,7.5
5,cpcc,30,9.0,0.6761062080896167,coarse,1.0000000000000004,8.0,8.0
5,cpcc,40,9.0,0.6795941398289828,coarse,1.0000000000000004,8.0,8.0
5,cpcc,50,9.0,0.6819037000125033,coarse,1.0000000000000004,8.0,8.0
5,cpcc,60,9.5,0.6833807430118525,coarse,1.0000000000000004,8.5,8.5
5,cpcc,70,9.5,0.6843467394337268,coarse,1.0000000000000004,8.5,8.5
5,cpcc,80,9.5,0.685002388278894,coarse,1.0500000000000005,8.45,8.45
5,cpcc,90,9.5,0.6854313638478531,coarse,1.1500000000000006,8.35,8.35
5,cpcc,100,9.5,0.6857367054781276,coarse,1.2500000000000002,8.25,8.25
5,euclidean,10,3.5,0.7206718876639446,coarse,1.0000000000000004,2.4999999999999996,2.4999999999999996
5,euclidean,20,4.5,0.7293540560216373,coarse,1.0000000000000004,3.4999999999999996,3.4999999999999996
5,euclidean,30,4.5,0.7367123611736578,coarse,1.0000000000000004,3.4999999999999996,3.4999999999999996
5,euclidean,40,5.0,0.7413804900382978,coarse,2.1000000000000005,2.8999999999999995,2.8999999999999995
5,euclidean,50,5.0,0.7450482202286378,coarse,2.4999999999999982,2.5000000000000018,2.5000000000000018
5,euclidean,60,5.5,0.7473391273052308,coarse,2.749999999999999,2.750000000000001,2.750000000000001
5,euclidean,70,5.5,0.7490325814118844,coarse,2.9499999999999984,2.5500000000000016,2.5500000000000016
5,euclidean,80,5.5,0.7503271078563054,coarse,2.9999999999999982,2.5000000000000018,2.5000000000000018
5,euclidean,90,6.0,0.7511489179266669,coarse,3.0,3.0,3.0
5,euclidean,100,6.0,0.7516798582829369,coarse,2.9999999999999982,3.0000000000000018,3.0000000000000018
5,ipwr,10,0.9000000000000004,0.9743192243126424,fine,1.0,-0.09999999999999964,0.09999999999999964
5,ipwr,20,1.1000000000000003,0.9470122068149128,fine,1.0,0.10000000000000031,0.10000000000000031
5,ipwr,30,1.4500000000000008,0.945061119087084,fine,1.0,0.45000000000000084,0.45000000000000084
5,ipwr,40,1.5,0.945129217065902,coarse,1.0,0.5,0.5
5,ipwr,50,2.0,0.9451261617872904,coarse,1.0000000000000004,0.9999999999999996,0.9999999999999996
5,ipwr,60,2.0,0.9452277875938933,coarse,1.0,1.0,1.0
5,ipwr,70,2.0,0.9454854774568628,coarse,1.0000000000000004,0.9999999999999996,0.9999999999999996
5,ipwr,80,2.0,0.9457701783933268,coarse,1.0,1.0,1.0
5,ipwr,90,2.0,0.9462348177702968,coarse,1.0000000000000004,0.9999999999999996,0.9999999999999996
5,ipwr,100,2.0,0.946670853434406,coarse,1.0000000000000004,0.9999999999999996,0.9999999999999996
5,itr,10,0.5,1.0121257800856187,coarse,1.0,-0.5,0.5
5,itr,20,1.1000000000000003,0.9577321798810444,fine,1.0,0.10000000000000031,0.10000000000000031
5,itr,30,2.5,0.9474661960844232,coarse,1.0000000000000004,1.4999999999999996,1.4999999999999996
5,itr,40,3.5,0.9478699701637724,coarse,1.0,2.5,2.5
5,itr,50,4.5,0.9515437078489908,coarse,1.0000000000000004,3.4999999999999996,3.4999999999999996
5,itr,60,5.5,0.9559756926751702,coarse,1.0,4.5,4.5
5,itr,70,6.0,0.9608651400978602,coarse,1.0000000000000004,5.0,5.0
5,itr,80,6.5,0.9656215700648626,coarse,1.0,5.5,5.5
5,itr,90,7.0,0.9695412070352228,coarse,1.0000000000000004,6.0,6.0
5,itr,100,7.5,0.9733781213216166,coarse,1.0,6.5,6.5
5,jaccard,10,1.0500000000000005,1.0819472514073607,fine,1.0,0.05000000000000049,0.05000000000000049
5,jaccard,20,1.2500000000000009,1.0525815529388405,fine,1.0,0.2500000000000009,0.2500000000000009
5,jaccard,30,1.5000000000000009,1.047317282516761,fine,1.0,0.5000000000000009,0.5000000000000009
5,jaccard,40,1.5,1.0464824078852324,coarse,1.0,0.5,0.5
5,jaccard,50,2.0,1.046463542696635,coarse,1.0,1.0,1.0
5,jaccard,60,2.0,1.046892147030555,coarse,1.0000000000000004,0.9999999999999996,0.9999999999999996
5,jaccard,70,2.0,1.047424021366677,coarse,1.0,1.0,1.0
5,jaccard,80,2.0,1.0479243296373375,coarse,1.0,1.0,1.0
5,jaccard,90,2.0,1.048286288977765,coarse,1.0,1.0,1.0
5,jaccard,100,2.0,1.048817569116645,coarse,1.0000000000000004,0.9999999999999996,0.9999999999999996
5,jmsd,10,2.0,1.0250048108173466,coarse,1.0,1.0,1.0
5,jmsd,20,2.5,1.0088022982294862,coarse,1.0,1.5,1.5
5,jmsd,30,2.5,1.0072856192144313,coarse,1.0,1.5,1.5
5,jmsd,40,3.0,1.0093432912006837,coarse,1.0000000000000004,1.9999999999999996,1.9999999999999996
5,jmsd,50,3.0,1.01031712669531,coarse,1.0,2.0,2.0
5,jmsd,60,3.5,1.011937820393808,coarse,1.0000000000000004,2.4999999999999996,2.4999999999999996
5,jmsd,70,3.5,1.0131906658169978,coarse,1.0,2.5,2.5
5,jmsd,80,3.5,1.014002479331639,coarse,1.0,2.5,2.5
5,jmsd,90,3.5,1.014558108369917,coarse,1.0,2.5,2.5
5,jmsd,100,3.5,1.01543523505836,coarse,1.0,2.5,2.5
5,kendall_tau_b,10,2.0,0.737559254531794,coarse,1.0000000000000004,0.9999999999999996,0.9999999999999996
5,kendall_tau_b,20,2.5,0.7403787885609655,coarse,1.0,1.5,1.5
5,kendall_tau_b,30,3.0,0.7467889807629868,coarse,1.0,2.0,2.0
5,kendall_tau_b,40,3.0,0.7511590308161656,coarse,1.0,2.0,2.0
5,kendall_tau_b,50,3.5,0.7537880225665786,coarse,1.0000000000000004,2.4999999999999996,2.4999999999999996
5,kendall_tau_b,60,3.5,0.7557378449209875,coarse,1.0,2.5,2.5
5,kendall_tau_b,70,3.5,0.7571370413723476,coarse,1.1000000000000003,2.3999999999999995,2.3999999999999995
5,kendall_tau_b,80,3.5,0.7579512900329863,coarse,1.2500000000000009,2.249999999999999,2.249999999999999
5,kendall_tau_b,90,3.5,0.758629724915012,coarse,1.3500000000000003,2.1499999999999995,2.1499999999999995
5,kendall_tau_b,100,3.5,0.7591015628587418,coarse,1.4000000000000004,2.0999999999999996,2.0999999999999996
5,manhattan,10,1.5,0.8376104215169841,coarse,1.0,0.5,0.5
5,manhattan,20,2.0,0.8439700043887893,coarse,1.0,1.0,1.0
5,manhattan,30,2.0,0.8513472649370596,coarse,1.2000000000000006,0.7999999999999994,0.7999999999999994
5,manhattan,40,2.000000000000001,0.8591617328970198,fine,1.4000000000000004,0.6000000000000005,0.6000000000000005
5,manhattan,50,2.5,0.8628981489592615,coarse,1.5500000000000005,0.9499999999999995,0.9499999999999995
5,manhattan,60,2.5,0.865369353344637,coarse,1.6500000000000006,0.8499999999999994,0.8499999999999994
5,manhattan,70,2.5,0.867580035291072,coarse,1.7000000000000006,0.7999999999999994,0.7999999999999994
5,manhattan,80,2.450000000000001,0.8692415278313635,fine,1.7500000000000002,0.7000000000000008,0.7000000000000008
5,manhattan,90,2.500000000000001,0.8705723394679921,fine,1.8000000000000005,0.7000000000000004,0.7000000000000004
5,manhattan,100,2.500000000000001,0.871714470117401,fine,1.8500000000000003,0.6500000000000006,0.6500000000000006
5,msd,10,10.0,0.6258078576432102,coarse,1.0,9.0,9.0
5,msd,20,10.0,0.6856595655175796,coarse,1.0,9.0,9.0
5,msd,30,10.0,0.7315875913982866,coarse,1.0,9.0,9.0
5,msd,40,10.0,0.7655380352099976,coarse,1.0,9.0,9.0
5,msd,50,10.0,0.793371997611548,coarse,1.0,9.0,9.0
5,msd,60,10.0,0.8160596812064729,coarse,1.0000000000000004,9.0,9.0
5,msd,70,10.0,0.8343011735486484,coarse,1.0,9.0,9.0
5,msd,80,10.0,0.8497823604714924,coarse,1.0,9.0,9.0
5,msd,90,10.0,0.862433070487978,coarse,1.0,9.0,9.0
5,msd,100,10.0,0.8733138871437689,coarse,1.0,9.0,9.0
5,pcc,10,2.5,0.682718910175589,coarse,1.0000000000000004,1.4999999999999996,1.4999999999999996
5,pcc,20,3.5,0.6866308430479534,coarse,1.0000000000000004,2.4999999999999996,2.4999999999999996
5,pcc,30,4.0,0.6927117203360463,coarse,1.0000000000000004,2.9999999999999996,2.9999999999999996
5,pcc,40,4.5,0.6966320534237288,coarse,1.0000000000000004,3.4999999999999996,3.4999999999999996
5,pcc,50,4.5,0.6988512085079345,coarse,1.0000000000000004,3.4999999999999996,3.4999999999999996
5,pcc,60,4.5,0.7001945838009301,coarse,1.2500000000000002,3.25,3.25
5,pcc,70,4.5,0.7010909479178211,coarse,1.4500000000000004,3.05,3.05
5,pcc,80,4.5,0.7016837613985816,coarse,1.5500000000000005,2.9499999999999993,2.9499999999999993
5,pcc,90,4.5,0.7021148005180484,coarse,1.6500000000000006,2.8499999999999996,2.8499999999999996
5,pcc,100,4.5,0.7024133915162404,coarse,1.7500000000000009,2.749999999999999,2.749999999999999
5,spcc,10,3.0,0.6830712345955529,coarse,1.0,2.0,2.0
5,spcc,20,3.5,0.6874345899912772,coarse,1.0,2.5,2.5
5,spcc,30,4.0,0.6936332998816496,coarse,1.0000000000000004,2.9999999999999996,2.9999999999999996
5,spcc,40,4.5,0.6970485233779005,coarse,1.0000000000000004,3.4999999999999996,3.4999999999999996
5,spcc,50,4.5,0.6995519111723256,coarse,1.0000000000000004,3.4999999999999996,3.4999999999999996
5,spcc,60,5.0,0.7009307468816709,coarse,1.1500000000000006,3.8499999999999996,3.8499999999999996
5,spcc,70,5.0,0.701638243250486,coarse,1.3500000000000003,3.6499999999999995,3.6499999999999995
5,spcc,80,5.0,0.7021071829648865,coarse,1.5,3.5,3.5
5,spcc,90,5.0,0.7024421926161153,coarse,1.6000000000000003,3.3999999999999995,3.3999999999999995
5,spcc,100,5.0,0.7026734306435525,coarse,1.6500000000000006,3.3499999999999996,3.3499999999999996
5,src,10,2.0,0.7382527459438255,coarse,1.0,1.0,1.0
5,src,20,2.5,0.740114110860702,coarse,1.0000000000000004,1.4999999999999996,1.4999999999999996
5,src,30,3.0,0.7465442896787794,coarse,1.0,2.0,2.0
5,src,40,3.5,0.7510867122523565,coarse,1.0,2.5,2.5
5,src,50,3.5,0.7538829194740894,coarse,1.0000000000000004,2.4999999999999996,2.4999999999999996
5,src,60,3.5,0.7560765496215531,coarse,1.0000000000000004,2.4999999999999996,2.4999999999999996
5,src,70,3.5,0.7575913447833218,coarse,1.0500000000000005,2.4499999999999993,2.4499999999999993
5,src,80,4.0,0.7583419477238752,coarse,1.1500000000000006,2.8499999999999996,2.8499999999999996
5,src,90,4.0,0.7588653586163104,coarse,1.2500000000000002,2.75,2.75
5,src,100,4.0,0.759225528199534,coarse,1.3500000000000003,2.6499999999999995,2.6499999999999995
